[
  {
    "name": "Asit Kumar NEgi",
    "email": "Asitkld1970@gmail.com",
    "company": "jdk ",
    "budget": "medium",
    "timeline": "short",
    "company_size": "enterprise",
    "decision_maker": "yes",
    "engagement": "high",
    "score": 80,
    "category": "Hot",
    "priority": 1,
    "id": 1,
    "created_at": "2025-10-16T13:31:22.044975"
  },
  {
    "name": "John Smith",
    "email": "john@techcorp.com",
    "company": "TechCorp Inc",
    "budget": "high",
    "timeline": "immediate",
    "company_size": "enterprise",
    "decision_maker": "yes",
    "engagement": "high",
    "score": 100,
    "category": "Hot",
    "priority": 1,
    "id": 2,
    "created_at": "2025-10-16T13:31:49.527359"
  },
  {
    "name": "Sarah Johnson",
    "email": "sarah@startup.io",
    "company": "Startup.io",
    "budget": "medium",
    "timeline": "short",
    "company_size": "small",
    "decision_maker": "yes",
    "engagement": "medium",
    "score": 65,
    "category": "Warm",
    "priority": 2,
    "id": 3,
    "created_at": "2025-10-16T13:31:49.545786"
  },
  {
    "name": "Mike Brown",
    "email": "mike@enterprise.com",
    "company": "Enterprise Solutions",
    "budget": "low",
    "timeline": "long",
    "company_size": "medium",
    "decision_maker": "no",
    "engagement": "low",
    "score": 35,
    "category": "Cold",
    "priority": 3,
    "id": 4,
    "created_at": "2025-10-16T13:31:49.562254"
  },
  {
    "name": "Emily Davis",
    "email": "emily@bigcorp.com",
    "company": "BigCorp Industries",
    "budget": "high",
    "timeline": "immediate",
    "company_size": "enterprise",
    "decision_maker": "yes",
    "engagement": "high",
    "score": 100,
    "category": "Hot",
    "priority": 1,
    "id": 5,
    "created_at": "2025-10-16T13:31:49.577139"
  }
]